{"cameraMode":{"drawMode":0,"name":"Shaded","section":"Shading Mode"},"sceneLighting":false,"audioPlay":false,"sceneViewState":{"showFog":true,"showMaterialUpdate":false,"showSkybox":true,"showFlares":true,"showImageEffects":true,"showParticleSystems":true},"in2DMode":false,"pivot":{"x":4.455991744995117,"y":0.339813232421875,"z":-5.828924179077148},"rotation":{"x":-0.37716105580329897,"y":0.41702982783317568,"z":-0.19576968252658845,"w":-0.8034363389015198},"size":139.43922424316407,"orthographic":false}