{"cameraMode":{"drawMode":0,"name":"Shaded","section":"Shading Mode"},"sceneLighting":false,"audioPlay":false,"sceneViewState":{"showFog":true,"showMaterialUpdate":false,"showSkybox":true,"showFlares":true,"showImageEffects":true,"showParticleSystems":true},"in2DMode":false,"pivot":{"x":6.783966541290283,"y":1.8962135314941407,"z":-5.2723846435546879},"rotation":{"x":0.4550418555736542,"y":-0.5257689952850342,"z":0.4012705087661743,"w":0.5962263941764832},"size":26.74569320678711,"orthographic":false}