{"cameraMode":{"drawMode":0,"name":"Shaded","section":"Shading Mode"},"sceneLighting":false,"audioPlay":false,"sceneViewState":{"showFog":true,"showMaterialUpdate":false,"showSkybox":true,"showFlares":true,"showImageEffects":true,"showParticleSystems":true},"in2DMode":false,"pivot":{"x":7.065072536468506,"y":-2.3456485271453859,"z":-6.8414306640625},"rotation":{"x":-0.35918140411376955,"y":0.17511574923992158,"z":-0.06880968809127808,"w":-0.9141052961349487},"size":17.835365295410158,"orthographic":false}