{"cameraMode":{"drawMode":0,"name":"Shaded","section":"Shading Mode"},"sceneLighting":false,"audioPlay":false,"sceneViewState":{"showFog":true,"showMaterialUpdate":false,"showSkybox":true,"showFlares":true,"showImageEffects":true,"showParticleSystems":true},"in2DMode":false,"pivot":{"x":6.349212169647217,"y":0.06777016818523407,"z":-10.387724876403809},"rotation":{"x":0.10559418052434921,"y":-0.560964047908783,"z":0.07242675125598908,"w":0.8178775906562805},"size":27.727130889892579,"orthographic":false}