{"cameraMode":{"drawMode":0,"name":"Shaded","section":"Shading Mode"},"sceneLighting":false,"audioPlay":false,"sceneViewState":{"showFog":true,"showMaterialUpdate":false,"showSkybox":true,"showFlares":true,"showImageEffects":true,"showParticleSystems":true},"in2DMode":false,"pivot":{"x":-0.5999999046325684,"y":43.598812103271487,"z":153.61843872070313},"rotation":{"x":-0.20044486224651338,"y":-0.028497062623500825,"z":0.005833240691572428,"w":-0.9792730808258057},"size":40.010372161865237,"orthographic":false}