{"cameraMode":{"drawMode":0,"name":"Shaded","section":"Shading Mode"},"sceneLighting":false,"audioPlay":false,"sceneViewState":{"showFog":true,"showMaterialUpdate":false,"showSkybox":true,"showFlares":true,"showImageEffects":true,"showParticleSystems":true},"in2DMode":false,"pivot":{"x":7.065072536468506,"y":-2.3456485271453859,"z":-6.8414306640625},"rotation":{"x":-0.341040700674057,"y":0.28944265842437746,"z":-0.11123371124267578,"w":-0.887435257434845},"size":41.161537170410159,"orthographic":false}