{"cameraMode":{"drawMode":0,"name":"Shaded","section":"Shading Mode"},"sceneLighting":false,"audioPlay":false,"sceneViewState":{"showFog":true,"showMaterialUpdate":false,"showSkybox":true,"showFlares":true,"showImageEffects":true,"showParticleSystems":true},"in2DMode":false,"pivot":{"x":-1.4811406135559083,"y":-3.735117197036743,"z":-1.4149965047836304},"rotation":{"x":-0.3269648551940918,"y":0.6379165649414063,"z":-0.34386980533599856,"w":-0.6065558791160584},"size":11.432567596435547,"orthographic":false}