{"cameraMode":{"drawMode":0,"name":"Shaded","section":"Shading Mode"},"sceneLighting":false,"audioPlay":false,"sceneViewState":{"showFog":true,"showMaterialUpdate":true,"showSkybox":false,"showFlares":true,"showImageEffects":true,"showParticleSystems":true},"in2DMode":false,"pivot":{"x":9.9842529296875,"y":-0.5958514213562012,"z":-9.37582778930664},"rotation":{"x":0.29403701424598696,"y":0.42714133858680727,"z":-0.1491750329732895,"w":0.8419260382652283},"size":34.88755798339844,"orthographic":false}