{"cameraMode":{"drawMode":0,"name":"Shaded","section":"Shading Mode"},"sceneLighting":false,"audioPlay":false,"sceneViewState":{"showFog":true,"showMaterialUpdate":false,"showSkybox":true,"showFlares":true,"showImageEffects":true,"showParticleSystems":true},"in2DMode":false,"pivot":{"x":12.3963623046875,"y":0.7398128509521484,"z":-13.145000457763672},"rotation":{"x":-0.12099701166152954,"y":0.17825323343276978,"z":-0.022092388942837716,"w":-0.9762670993804932},"size":9.782628059387207,"orthographic":false}